Timestamp,Census No,Piriven Name,District,Zone,Division,Piriven Type,Term,Standard,Obtained Marks,Max Marks,Percentage,Overall PEQI,Internal Notes,External Notes
2026-09-09 12:42:29,416013,AM/ SIRI SUBODHI MULIKA PIRIVENA,AMPARA,AMPARA,,MULIKA,1 වන වාරය,01. සිසු ආකල්ප සංවර්ධනය,20.0,60.0,33.33,33.33,,
2026-09-09 12:42:29,416013,AM/ SIRI SUBODHI MULIKA PIRIVENA,AMPARA,AMPARA,,MULIKA,1 වන වාරය,02. ගුණාත්මක පිරිවෙන් සිසු නිපුණතා,20.0,60.0,33.33,33.33,,
2026-09-09 12:42:29,416013,AM/ SIRI SUBODHI MULIKA PIRIVENA,AMPARA,AMPARA,,MULIKA,1 වන වාරය,03. ශිෂ්‍ය සාධනය හා ඵලදායිතා ප්‍රතිඵල,20.0,60.0,33.33,33.33,,
2026-09-09 12:42:29,416013,AM/ SIRI SUBODHI MULIKA PIRIVENA,AMPARA,AMPARA,,MULIKA,1 වන වාරය,"04. ඉගෙනුම, ඉගැන්වීම, ඇගයීම සහ ගුරු වෘත්තීය කුසලතා සංවර්ධනය",20.0,60.0,33.33,33.33,,
2026-09-09 12:42:29,416013,AM/ SIRI SUBODHI MULIKA PIRIVENA,AMPARA,AMPARA,,MULIKA,1 වන වාරය,05. විධිමත් විෂයමාලා කළමනාකරණය,20.0,60.0,33.33,33.33,,
2026-09-09 12:42:29,416013,AM/ SIRI SUBODHI MULIKA PIRIVENA,AMPARA,AMPARA,,MULIKA,1 වන වාරය,06. විෂය සමගාමී කටයුතු,20.0,60.0,33.33,33.33,,
2026-09-09 12:42:29,416013,AM/ SIRI SUBODHI MULIKA PIRIVENA,AMPARA,AMPARA,,MULIKA,1 වන වාරය,07. ශිෂ්‍ය සුබසාධනය,20.0,60.0,33.33,33.33,,
2026-09-09 12:42:29,416013,AM/ SIRI SUBODHI MULIKA PIRIVENA,AMPARA,AMPARA,,MULIKA,1 වන වාරය,08. නායකත්වය හා කළමනාකරණය,20.0,60.0,33.33,33.33,,
2026-09-09 12:42:29,416013,AM/ SIRI SUBODHI MULIKA PIRIVENA,AMPARA,AMPARA,,MULIKA,1 වන වාරය,09. භෞතික සම්පත් කළමනාකරණය,20.0,60.0,33.33,33.33,,
2026-09-09 12:42:29,416013,AM/ SIRI SUBODHI MULIKA PIRIVENA,AMPARA,AMPARA,,MULIKA,1 වන වාරය,10. පිරිවෙන හා ප්‍රජාව,20.0,60.0,33.33,33.33,,
